path,source,clip_id,label,cache
C:\Users\munkh\OneDrive\Documents\Cheating detection project\archive\V1\V1\c17.mp4,V1_raw,c17,copying,C:\Users\munkh\OneDrive\Documents\Cheating detection project\data_cache\V1_raw_c17.npy
C:\Users\munkh\OneDrive\Documents\Cheating detection project\archive\V1\V1\c18.mp4,V1_raw,c18,copying,C:\Users\munkh\OneDrive\Documents\Cheating detection project\data_cache\V1_raw_c18.npy
C:\Users\munkh\OneDrive\Documents\Cheating detection project\archive\V1\V1\c19.mp4,V1_raw,c19,copying,C:\Users\munkh\OneDrive\Documents\Cheating detection project\data_cache\V1_raw_c19.npy
C:\Users\munkh\OneDrive\Documents\Cheating detection project\archive\V1\V1\c20.mp4,V1_raw,c20,copying,C:\Users\munkh\OneDrive\Documents\Cheating detection project\data_cache\V1_raw_c20.npy
C:\Users\munkh\OneDrive\Documents\Cheating detection project\archive\V1\V1\c21.mp4,V1_raw,c21,copying,C:\Users\munkh\OneDrive\Documents\Cheating detection project\data_cache\V1_raw_c21.npy
C:\Users\munkh\OneDrive\Documents\Cheating detection project\archive\V1\V1\c22.mp4,V1_raw,c22,copying,C:\Users\munkh\OneDrive\Documents\Cheating detection project\data_cache\V1_raw_c22.npy
C:\Users\munkh\OneDrive\Documents\Cheating detection project\archive\V1\V1\c23.mp4,V1_raw,c23,copying,C:\Users\munkh\OneDrive\Documents\Cheating detection project\data_cache\V1_raw_c23.npy
C:\Users\munkh\OneDrive\Documents\Cheating detection project\archive\V1\V1\c24.mp4,V1_raw,c24,copying,C:\Users\munkh\OneDrive\Documents\Cheating detection project\data_cache\V1_raw_c24.npy
C:\Users\munkh\OneDrive\Documents\Cheating detection project\archive\V1\V1\c25.mp4,V1_raw,c25,copying,C:\Users\munkh\OneDrive\Documents\Cheating detection project\data_cache\V1_raw_c25.npy
C:\Users\munkh\OneDrive\Documents\Cheating detection project\archive\V1\V1\c26.mp4,V1_raw,c26,copying,C:\Users\munkh\OneDrive\Documents\Cheating detection project\data_cache\V1_raw_c26.npy
C:\Users\munkh\OneDrive\Documents\Cheating detection project\archive\V1\V1\c27.mp4,V1_raw,c27,copying,C:\Users\munkh\OneDrive\Documents\Cheating detection project\data_cache\V1_raw_c27.npy
C:\Users\munkh\OneDrive\Documents\Cheating detection project\archive\V1\V1\c28.mp4,V1_raw,c28,copying,C:\Users\munkh\OneDrive\Documents\Cheating detection project\data_cache\V1_raw_c28.npy
C:\Users\munkh\OneDrive\Documents\Cheating detection project\archive\V1\V1\c29.mp4,V1_raw,c29,copying,C:\Users\munkh\OneDrive\Documents\Cheating detection project\data_cache\V1_raw_c29.npy
C:\Users\munkh\OneDrive\Documents\Cheating detection project\archive\V1\V1\c30.mp4,V1_raw,c30,copying,C:\Users\munkh\OneDrive\Documents\Cheating detection project\data_cache\V1_raw_c30.npy
C:\Users\munkh\OneDrive\Documents\Cheating detection project\archive\V1\V1\c31.mp4,V1_raw,c31,copying,C:\Users\munkh\OneDrive\Documents\Cheating detection project\data_cache\V1_raw_c31.npy
C:\Users\munkh\OneDrive\Documents\Cheating detection project\archive\V1\V1\c32.mp4,V1_raw,c32,copying,C:\Users\munkh\OneDrive\Documents\Cheating detection project\data_cache\V1_raw_c32.npy
C:\Users\munkh\OneDrive\Documents\Cheating detection project\archive\V1\V1\c33.mp4,V1_raw,c33,copying,C:\Users\munkh\OneDrive\Documents\Cheating detection project\data_cache\V1_raw_c33.npy
C:\Users\munkh\OneDrive\Documents\Cheating detection project\archive\V1\V1\c34.mp4,V1_raw,c34,copying,C:\Users\munkh\OneDrive\Documents\Cheating detection project\data_cache\V1_raw_c34.npy
C:\Users\munkh\OneDrive\Documents\Cheating detection project\archive\V1\V1\c35.mp4,V1_raw,c35,copying,C:\Users\munkh\OneDrive\Documents\Cheating detection project\data_cache\V1_raw_c35.npy
C:\Users\munkh\OneDrive\Documents\Cheating detection project\archive\V1\V1\c36.mp4,V1_raw,c36,copying,C:\Users\munkh\OneDrive\Documents\Cheating detection project\data_cache\V1_raw_c36.npy
C:\Users\munkh\OneDrive\Documents\Cheating detection project\archive\V1\V1\c37.mp4,V1_raw,c37,copying,C:\Users\munkh\OneDrive\Documents\Cheating detection project\data_cache\V1_raw_c37.npy
C:\Users\munkh\OneDrive\Documents\Cheating detection project\archive\V1\V1\c38.mp4,V1_raw,c38,copying,C:\Users\munkh\OneDrive\Documents\Cheating detection project\data_cache\V1_raw_c38.npy
C:\Users\munkh\OneDrive\Documents\Cheating detection project\archive\V1\V1\c39.mp4,V1_raw,c39,copying,C:\Users\munkh\OneDrive\Documents\Cheating detection project\data_cache\V1_raw_c39.npy
C:\Users\munkh\OneDrive\Documents\Cheating detection project\archive\V1\V1\g12.mp4,V1_raw,g12,gesture,C:\Users\munkh\OneDrive\Documents\Cheating detection project\data_cache\V1_raw_g12.npy
C:\Users\munkh\OneDrive\Documents\Cheating detection project\archive\V1\V1\g13.mp4,V1_raw,g13,gesture,C:\Users\munkh\OneDrive\Documents\Cheating detection project\data_cache\V1_raw_g13.npy
C:\Users\munkh\OneDrive\Documents\Cheating detection project\archive\V1\V1\g14.mp4,V1_raw,g14,gesture,C:\Users\munkh\OneDrive\Documents\Cheating detection project\data_cache\V1_raw_g14.npy
C:\Users\munkh\OneDrive\Documents\Cheating detection project\archive\V1\V1\g15.mp4,V1_raw,g15,gesture,C:\Users\munkh\OneDrive\Documents\Cheating detection project\data_cache\V1_raw_g15.npy
C:\Users\munkh\OneDrive\Documents\Cheating detection project\archive\V1\V1\g16.mp4,V1_raw,g16,gesture,C:\Users\munkh\OneDrive\Documents\Cheating detection project\data_cache\V1_raw_g16.npy
C:\Users\munkh\OneDrive\Documents\Cheating detection project\archive\V1\V1\g17.mp4,V1_raw,g17,gesture,C:\Users\munkh\OneDrive\Documents\Cheating detection project\data_cache\V1_raw_g17.npy
C:\Users\munkh\OneDrive\Documents\Cheating detection project\archive\V1\V1\g18.mp4,V1_raw,g18,gesture,C:\Users\munkh\OneDrive\Documents\Cheating detection project\data_cache\V1_raw_g18.npy
C:\Users\munkh\OneDrive\Documents\Cheating detection project\archive\V1\V1\g19.mp4,V1_raw,g19,gesture,C:\Users\munkh\OneDrive\Documents\Cheating detection project\data_cache\V1_raw_g19.npy
C:\Users\munkh\OneDrive\Documents\Cheating detection project\archive\V1\V1\g20.mp4,V1_raw,g20,gesture,C:\Users\munkh\OneDrive\Documents\Cheating detection project\data_cache\V1_raw_g20.npy
C:\Users\munkh\OneDrive\Documents\Cheating detection project\archive\V1\V1\g21.mp4,V1_raw,g21,gesture,C:\Users\munkh\OneDrive\Documents\Cheating detection project\data_cache\V1_raw_g21.npy
C:\Users\munkh\OneDrive\Documents\Cheating detection project\archive\V1\V1\g22.mp4,V1_raw,g22,gesture,C:\Users\munkh\OneDrive\Documents\Cheating detection project\data_cache\V1_raw_g22.npy
C:\Users\munkh\OneDrive\Documents\Cheating detection project\archive\V1\V1\g23.mp4,V1_raw,g23,gesture,C:\Users\munkh\OneDrive\Documents\Cheating detection project\data_cache\V1_raw_g23.npy
C:\Users\munkh\OneDrive\Documents\Cheating detection project\archive\V1\V1\g24.mp4,V1_raw,g24,gesture,C:\Users\munkh\OneDrive\Documents\Cheating detection project\data_cache\V1_raw_g24.npy
C:\Users\munkh\OneDrive\Documents\Cheating detection project\archive\V1\V1\g25.mp4,V1_raw,g25,gesture,C:\Users\munkh\OneDrive\Documents\Cheating detection project\data_cache\V1_raw_g25.npy
C:\Users\munkh\OneDrive\Documents\Cheating detection project\archive\V1\V1\g26.mp4,V1_raw,g26,gesture,C:\Users\munkh\OneDrive\Documents\Cheating detection project\data_cache\V1_raw_g26.npy
C:\Users\munkh\OneDrive\Documents\Cheating detection project\archive\V1\V1\g27.mp4,V1_raw,g27,gesture,C:\Users\munkh\OneDrive\Documents\Cheating detection project\data_cache\V1_raw_g27.npy
C:\Users\munkh\OneDrive\Documents\Cheating detection project\archive\V1\V1\g28.mp4,V1_raw,g28,gesture,C:\Users\munkh\OneDrive\Documents\Cheating detection project\data_cache\V1_raw_g28.npy
C:\Users\munkh\OneDrive\Documents\Cheating detection project\archive\V1\V1\g29.mp4,V1_raw,g29,gesture,C:\Users\munkh\OneDrive\Documents\Cheating detection project\data_cache\V1_raw_g29.npy
C:\Users\munkh\OneDrive\Documents\Cheating detection project\archive\V1\V1\m16.mp4,V1_raw,m16,mobile,C:\Users\munkh\OneDrive\Documents\Cheating detection project\data_cache\V1_raw_m16.npy
C:\Users\munkh\OneDrive\Documents\Cheating detection project\archive\V1\V1\m17.mp4,V1_raw,m17,mobile,C:\Users\munkh\OneDrive\Documents\Cheating detection project\data_cache\V1_raw_m17.npy
C:\Users\munkh\OneDrive\Documents\Cheating detection project\archive\V1\V1\m18.mp4,V1_raw,m18,mobile,C:\Users\munkh\OneDrive\Documents\Cheating detection project\data_cache\V1_raw_m18.npy
C:\Users\munkh\OneDrive\Documents\Cheating detection project\archive\V1\V1\m19.mp4,V1_raw,m19,mobile,C:\Users\munkh\OneDrive\Documents\Cheating detection project\data_cache\V1_raw_m19.npy
C:\Users\munkh\OneDrive\Documents\Cheating detection project\archive\V1\V1\m20.mp4,V1_raw,m20,mobile,C:\Users\munkh\OneDrive\Documents\Cheating detection project\data_cache\V1_raw_m20.npy
C:\Users\munkh\OneDrive\Documents\Cheating detection project\archive\V1\V1\m21.mp4,V1_raw,m21,mobile,C:\Users\munkh\OneDrive\Documents\Cheating detection project\data_cache\V1_raw_m21.npy
C:\Users\munkh\OneDrive\Documents\Cheating detection project\archive\V1\V1\m22.mp4,V1_raw,m22,mobile,C:\Users\munkh\OneDrive\Documents\Cheating detection project\data_cache\V1_raw_m22.npy
C:\Users\munkh\OneDrive\Documents\Cheating detection project\archive\V1\V1\m23.mp4,V1_raw,m23,mobile,C:\Users\munkh\OneDrive\Documents\Cheating detection project\data_cache\V1_raw_m23.npy
C:\Users\munkh\OneDrive\Documents\Cheating detection project\archive\V1\V1\m24.mp4,V1_raw,m24,mobile,C:\Users\munkh\OneDrive\Documents\Cheating detection project\data_cache\V1_raw_m24.npy
C:\Users\munkh\OneDrive\Documents\Cheating detection project\archive\V1\V1\m25.mp4,V1_raw,m25,mobile,C:\Users\munkh\OneDrive\Documents\Cheating detection project\data_cache\V1_raw_m25.npy
C:\Users\munkh\OneDrive\Documents\Cheating detection project\archive\V1\V1\m26.mp4,V1_raw,m26,mobile,C:\Users\munkh\OneDrive\Documents\Cheating detection project\data_cache\V1_raw_m26.npy
C:\Users\munkh\OneDrive\Documents\Cheating detection project\archive\V1\V1\m27.mp4,V1_raw,m27,mobile,C:\Users\munkh\OneDrive\Documents\Cheating detection project\data_cache\V1_raw_m27.npy
C:\Users\munkh\OneDrive\Documents\Cheating detection project\archive\V1\V1\m28.mp4,V1_raw,m28,mobile,C:\Users\munkh\OneDrive\Documents\Cheating detection project\data_cache\V1_raw_m28.npy
C:\Users\munkh\OneDrive\Documents\Cheating detection project\archive\V1\V1\m29.mp4,V1_raw,m29,mobile,C:\Users\munkh\OneDrive\Documents\Cheating detection project\data_cache\V1_raw_m29.npy
C:\Users\munkh\OneDrive\Documents\Cheating detection project\archive\V1\V1\m30.mp4,V1_raw,m30,mobile,C:\Users\munkh\OneDrive\Documents\Cheating detection project\data_cache\V1_raw_m30.npy
C:\Users\munkh\OneDrive\Documents\Cheating detection project\archive\V1\V1\n11.mp4,V1_raw,n11,notes,C:\Users\munkh\OneDrive\Documents\Cheating detection project\data_cache\V1_raw_n11.npy
C:\Users\munkh\OneDrive\Documents\Cheating detection project\archive\V1\V1\n12.mp4,V1_raw,n12,notes,C:\Users\munkh\OneDrive\Documents\Cheating detection project\data_cache\V1_raw_n12.npy
C:\Users\munkh\OneDrive\Documents\Cheating detection project\archive\V1\V1\n13.mp4,V1_raw,n13,notes,C:\Users\munkh\OneDrive\Documents\Cheating detection project\data_cache\V1_raw_n13.npy
C:\Users\munkh\OneDrive\Documents\Cheating detection project\archive\V1\V1\n14.mp4,V1_raw,n14,notes,C:\Users\munkh\OneDrive\Documents\Cheating detection project\data_cache\V1_raw_n14.npy
C:\Users\munkh\OneDrive\Documents\Cheating detection project\archive\V1\V1\n15.mp4,V1_raw,n15,notes,C:\Users\munkh\OneDrive\Documents\Cheating detection project\data_cache\V1_raw_n15.npy
C:\Users\munkh\OneDrive\Documents\Cheating detection project\archive\V1\V1\n16.mp4,V1_raw,n16,notes,C:\Users\munkh\OneDrive\Documents\Cheating detection project\data_cache\V1_raw_n16.npy
C:\Users\munkh\OneDrive\Documents\Cheating detection project\archive\V1\V1\n17.mp4,V1_raw,n17,notes,C:\Users\munkh\OneDrive\Documents\Cheating detection project\data_cache\V1_raw_n17.npy
C:\Users\munkh\OneDrive\Documents\Cheating detection project\archive\V1\V1\n18.mp4,V1_raw,n18,notes,C:\Users\munkh\OneDrive\Documents\Cheating detection project\data_cache\V1_raw_n18.npy
C:\Users\munkh\OneDrive\Documents\Cheating detection project\archive\V1\V1\n19.mp4,V1_raw,n19,notes,C:\Users\munkh\OneDrive\Documents\Cheating detection project\data_cache\V1_raw_n19.npy
C:\Users\munkh\OneDrive\Documents\Cheating detection project\archive\V1\V1\n20.mp4,V1_raw,n20,notes,C:\Users\munkh\OneDrive\Documents\Cheating detection project\data_cache\V1_raw_n20.npy
C:\Users\munkh\OneDrive\Documents\Cheating detection project\archive\V1\V1\n21.mp4,V1_raw,n21,notes,C:\Users\munkh\OneDrive\Documents\Cheating detection project\data_cache\V1_raw_n21.npy
C:\Users\munkh\OneDrive\Documents\Cheating detection project\archive\V1\V1\n22.mp4,V1_raw,n22,notes,C:\Users\munkh\OneDrive\Documents\Cheating detection project\data_cache\V1_raw_n22.npy
C:\Users\munkh\OneDrive\Documents\Cheating detection project\archive\V1\V1\n23.mp4,V1_raw,n23,notes,C:\Users\munkh\OneDrive\Documents\Cheating detection project\data_cache\V1_raw_n23.npy
C:\Users\munkh\OneDrive\Documents\Cheating detection project\archive\V1\V1\n24.mp4,V1_raw,n24,notes,C:\Users\munkh\OneDrive\Documents\Cheating detection project\data_cache\V1_raw_n24.npy
C:\Users\munkh\OneDrive\Documents\Cheating detection project\archive\V1\V1\n25.mp4,V1_raw,n25,notes,C:\Users\munkh\OneDrive\Documents\Cheating detection project\data_cache\V1_raw_n25.npy
C:\Users\munkh\OneDrive\Documents\Cheating detection project\archive\V1\V1\n26.mp4,V1_raw,n26,notes,C:\Users\munkh\OneDrive\Documents\Cheating detection project\data_cache\V1_raw_n26.npy
C:\Users\munkh\OneDrive\Documents\Cheating detection project\archive\V1\V1\n27.mp4,V1_raw,n27,notes,C:\Users\munkh\OneDrive\Documents\Cheating detection project\data_cache\V1_raw_n27.npy
C:\Users\munkh\OneDrive\Documents\Cheating detection project\archive\V1\V1\n28.mp4,V1_raw,n28,notes,C:\Users\munkh\OneDrive\Documents\Cheating detection project\data_cache\V1_raw_n28.npy
C:\Users\munkh\OneDrive\Documents\Cheating detection project\archive\V1\V1\n29.mp4,V1_raw,n29,notes,C:\Users\munkh\OneDrive\Documents\Cheating detection project\data_cache\V1_raw_n29.npy
C:\Users\munkh\OneDrive\Documents\Cheating detection project\archive\V1\V1\n30.mp4,V1_raw,n30,notes,C:\Users\munkh\OneDrive\Documents\Cheating detection project\data_cache\V1_raw_n30.npy
C:\Users\munkh\OneDrive\Documents\Cheating detection project\archive\V1\V1\nor10.mp4,V1_raw,nor10,normal,C:\Users\munkh\OneDrive\Documents\Cheating detection project\data_cache\V1_raw_nor10.npy
C:\Users\munkh\OneDrive\Documents\Cheating detection project\archive\V1\V1\nor11.mp4,V1_raw,nor11,normal,C:\Users\munkh\OneDrive\Documents\Cheating detection project\data_cache\V1_raw_nor11.npy
C:\Users\munkh\OneDrive\Documents\Cheating detection project\archive\V1\V1\nor12.mp4,V1_raw,nor12,normal,C:\Users\munkh\OneDrive\Documents\Cheating detection project\data_cache\V1_raw_nor12.npy
C:\Users\munkh\OneDrive\Documents\Cheating detection project\archive\V1\V1\nor13.mp4,V1_raw,nor13,normal,C:\Users\munkh\OneDrive\Documents\Cheating detection project\data_cache\V1_raw_nor13.npy
C:\Users\munkh\OneDrive\Documents\Cheating detection project\archive\V1\V1\nor14.mp4,V1_raw,nor14,normal,C:\Users\munkh\OneDrive\Documents\Cheating detection project\data_cache\V1_raw_nor14.npy
C:\Users\munkh\OneDrive\Documents\Cheating detection project\archive\V1\V1\nor15.mp4,V1_raw,nor15,normal,C:\Users\munkh\OneDrive\Documents\Cheating detection project\data_cache\V1_raw_nor15.npy
C:\Users\munkh\OneDrive\Documents\Cheating detection project\archive\V1\V1\nor16.mp4,V1_raw,nor16,normal,C:\Users\munkh\OneDrive\Documents\Cheating detection project\data_cache\V1_raw_nor16.npy
C:\Users\munkh\OneDrive\Documents\Cheating detection project\archive\sample_of_our_preprocessed_data_224x224_cropped_clips\224x224_cropped_videos\c1.mp4,sample_224,c1,copying,C:\Users\munkh\OneDrive\Documents\Cheating detection project\data_cache\sample_224_c1.npy
C:\Users\munkh\OneDrive\Documents\Cheating detection project\archive\sample_of_our_preprocessed_data_224x224_cropped_clips\224x224_cropped_videos\c10.mp4,sample_224,c10,copying,C:\Users\munkh\OneDrive\Documents\Cheating detection project\data_cache\sample_224_c10.npy
C:\Users\munkh\OneDrive\Documents\Cheating detection project\archive\sample_of_our_preprocessed_data_224x224_cropped_clips\224x224_cropped_videos\c11.mp4,sample_224,c11,copying,C:\Users\munkh\OneDrive\Documents\Cheating detection project\data_cache\sample_224_c11.npy
C:\Users\munkh\OneDrive\Documents\Cheating detection project\archive\sample_of_our_preprocessed_data_224x224_cropped_clips\224x224_cropped_videos\c12.mp4,sample_224,c12,copying,C:\Users\munkh\OneDrive\Documents\Cheating detection project\data_cache\sample_224_c12.npy
C:\Users\munkh\OneDrive\Documents\Cheating detection project\archive\sample_of_our_preprocessed_data_224x224_cropped_clips\224x224_cropped_videos\c13.mp4,sample_224,c13,copying,C:\Users\munkh\OneDrive\Documents\Cheating detection project\data_cache\sample_224_c13.npy
C:\Users\munkh\OneDrive\Documents\Cheating detection project\archive\sample_of_our_preprocessed_data_224x224_cropped_clips\224x224_cropped_videos\c14.mp4,sample_224,c14,copying,C:\Users\munkh\OneDrive\Documents\Cheating detection project\data_cache\sample_224_c14.npy
C:\Users\munkh\OneDrive\Documents\Cheating detection project\archive\sample_of_our_preprocessed_data_224x224_cropped_clips\224x224_cropped_videos\c15.mp4,sample_224,c15,copying,C:\Users\munkh\OneDrive\Documents\Cheating detection project\data_cache\sample_224_c15.npy
C:\Users\munkh\OneDrive\Documents\Cheating detection project\archive\sample_of_our_preprocessed_data_224x224_cropped_clips\224x224_cropped_videos\c16.mp4,sample_224,c16,copying,C:\Users\munkh\OneDrive\Documents\Cheating detection project\data_cache\sample_224_c16.npy
C:\Users\munkh\OneDrive\Documents\Cheating detection project\archive\sample_of_our_preprocessed_data_224x224_cropped_clips\224x224_cropped_videos\c17.mp4,sample_224,c17,copying,C:\Users\munkh\OneDrive\Documents\Cheating detection project\data_cache\sample_224_c17.npy
C:\Users\munkh\OneDrive\Documents\Cheating detection project\archive\sample_of_our_preprocessed_data_224x224_cropped_clips\224x224_cropped_videos\c18.mp4,sample_224,c18,copying,C:\Users\munkh\OneDrive\Documents\Cheating detection project\data_cache\sample_224_c18.npy
C:\Users\munkh\OneDrive\Documents\Cheating detection project\archive\sample_of_our_preprocessed_data_224x224_cropped_clips\224x224_cropped_videos\c19.mp4,sample_224,c19,copying,C:\Users\munkh\OneDrive\Documents\Cheating detection project\data_cache\sample_224_c19.npy
C:\Users\munkh\OneDrive\Documents\Cheating detection project\archive\sample_of_our_preprocessed_data_224x224_cropped_clips\224x224_cropped_videos\c2.mp4,sample_224,c2,copying,C:\Users\munkh\OneDrive\Documents\Cheating detection project\data_cache\sample_224_c2.npy
C:\Users\munkh\OneDrive\Documents\Cheating detection project\archive\sample_of_our_preprocessed_data_224x224_cropped_clips\224x224_cropped_videos\c20.mp4,sample_224,c20,copying,C:\Users\munkh\OneDrive\Documents\Cheating detection project\data_cache\sample_224_c20.npy
C:\Users\munkh\OneDrive\Documents\Cheating detection project\archive\sample_of_our_preprocessed_data_224x224_cropped_clips\224x224_cropped_videos\c21.mp4,sample_224,c21,copying,C:\Users\munkh\OneDrive\Documents\Cheating detection project\data_cache\sample_224_c21.npy
C:\Users\munkh\OneDrive\Documents\Cheating detection project\archive\sample_of_our_preprocessed_data_224x224_cropped_clips\224x224_cropped_videos\c22.mp4,sample_224,c22,copying,C:\Users\munkh\OneDrive\Documents\Cheating detection project\data_cache\sample_224_c22.npy
C:\Users\munkh\OneDrive\Documents\Cheating detection project\archive\sample_of_our_preprocessed_data_224x224_cropped_clips\224x224_cropped_videos\c23.mp4,sample_224,c23,copying,C:\Users\munkh\OneDrive\Documents\Cheating detection project\data_cache\sample_224_c23.npy
C:\Users\munkh\OneDrive\Documents\Cheating detection project\archive\sample_of_our_preprocessed_data_224x224_cropped_clips\224x224_cropped_videos\c24.mp4,sample_224,c24,copying,C:\Users\munkh\OneDrive\Documents\Cheating detection project\data_cache\sample_224_c24.npy
C:\Users\munkh\OneDrive\Documents\Cheating detection project\archive\sample_of_our_preprocessed_data_224x224_cropped_clips\224x224_cropped_videos\c25.mp4,sample_224,c25,copying,C:\Users\munkh\OneDrive\Documents\Cheating detection project\data_cache\sample_224_c25.npy
C:\Users\munkh\OneDrive\Documents\Cheating detection project\archive\sample_of_our_preprocessed_data_224x224_cropped_clips\224x224_cropped_videos\c26.mp4,sample_224,c26,copying,C:\Users\munkh\OneDrive\Documents\Cheating detection project\data_cache\sample_224_c26.npy
C:\Users\munkh\OneDrive\Documents\Cheating detection project\archive\sample_of_our_preprocessed_data_224x224_cropped_clips\224x224_cropped_videos\c27.mp4,sample_224,c27,copying,C:\Users\munkh\OneDrive\Documents\Cheating detection project\data_cache\sample_224_c27.npy
C:\Users\munkh\OneDrive\Documents\Cheating detection project\archive\sample_of_our_preprocessed_data_224x224_cropped_clips\224x224_cropped_videos\c28.mp4,sample_224,c28,copying,C:\Users\munkh\OneDrive\Documents\Cheating detection project\data_cache\sample_224_c28.npy
C:\Users\munkh\OneDrive\Documents\Cheating detection project\archive\sample_of_our_preprocessed_data_224x224_cropped_clips\224x224_cropped_videos\c3.mp4,sample_224,c3,copying,C:\Users\munkh\OneDrive\Documents\Cheating detection project\data_cache\sample_224_c3.npy
C:\Users\munkh\OneDrive\Documents\Cheating detection project\archive\sample_of_our_preprocessed_data_224x224_cropped_clips\224x224_cropped_videos\c4.mp4,sample_224,c4,copying,C:\Users\munkh\OneDrive\Documents\Cheating detection project\data_cache\sample_224_c4.npy
C:\Users\munkh\OneDrive\Documents\Cheating detection project\archive\sample_of_our_preprocessed_data_224x224_cropped_clips\224x224_cropped_videos\c5.mp4,sample_224,c5,copying,C:\Users\munkh\OneDrive\Documents\Cheating detection project\data_cache\sample_224_c5.npy
C:\Users\munkh\OneDrive\Documents\Cheating detection project\archive\sample_of_our_preprocessed_data_224x224_cropped_clips\224x224_cropped_videos\c6.mp4,sample_224,c6,copying,C:\Users\munkh\OneDrive\Documents\Cheating detection project\data_cache\sample_224_c6.npy
C:\Users\munkh\OneDrive\Documents\Cheating detection project\archive\sample_of_our_preprocessed_data_224x224_cropped_clips\224x224_cropped_videos\c7.mp4,sample_224,c7,copying,C:\Users\munkh\OneDrive\Documents\Cheating detection project\data_cache\sample_224_c7.npy
C:\Users\munkh\OneDrive\Documents\Cheating detection project\archive\sample_of_our_preprocessed_data_224x224_cropped_clips\224x224_cropped_videos\c8.mp4,sample_224,c8,copying,C:\Users\munkh\OneDrive\Documents\Cheating detection project\data_cache\sample_224_c8.npy
C:\Users\munkh\OneDrive\Documents\Cheating detection project\archive\sample_of_our_preprocessed_data_224x224_cropped_clips\224x224_cropped_videos\c9.mp4,sample_224,c9,copying,C:\Users\munkh\OneDrive\Documents\Cheating detection project\data_cache\sample_224_c9.npy
C:\Users\munkh\OneDrive\Documents\Cheating detection project\archive\sample_of_our_preprocessed_data_224x224_cropped_clips\224x224_cropped_videos\g12.mp4,sample_224,g12,gesture,C:\Users\munkh\OneDrive\Documents\Cheating detection project\data_cache\sample_224_g12.npy
C:\Users\munkh\OneDrive\Documents\Cheating detection project\archive\sample_of_our_preprocessed_data_224x224_cropped_clips\224x224_cropped_videos\g13.mp4,sample_224,g13,gesture,C:\Users\munkh\OneDrive\Documents\Cheating detection project\data_cache\sample_224_g13.npy
C:\Users\munkh\OneDrive\Documents\Cheating detection project\archive\sample_of_our_preprocessed_data_224x224_cropped_clips\224x224_cropped_videos\g14.mp4,sample_224,g14,gesture,C:\Users\munkh\OneDrive\Documents\Cheating detection project\data_cache\sample_224_g14.npy
C:\Users\munkh\OneDrive\Documents\Cheating detection project\archive\sample_of_our_preprocessed_data_224x224_cropped_clips\224x224_cropped_videos\g15.mp4,sample_224,g15,gesture,C:\Users\munkh\OneDrive\Documents\Cheating detection project\data_cache\sample_224_g15.npy
C:\Users\munkh\OneDrive\Documents\Cheating detection project\archive\sample_of_our_preprocessed_data_224x224_cropped_clips\224x224_cropped_videos\g16.mp4,sample_224,g16,gesture,C:\Users\munkh\OneDrive\Documents\Cheating detection project\data_cache\sample_224_g16.npy
C:\Users\munkh\OneDrive\Documents\Cheating detection project\archive\sample_of_our_preprocessed_data_224x224_cropped_clips\224x224_cropped_videos\g17.mp4,sample_224,g17,gesture,C:\Users\munkh\OneDrive\Documents\Cheating detection project\data_cache\sample_224_g17.npy
C:\Users\munkh\OneDrive\Documents\Cheating detection project\archive\sample_of_our_preprocessed_data_224x224_cropped_clips\224x224_cropped_videos\g18.mp4,sample_224,g18,gesture,C:\Users\munkh\OneDrive\Documents\Cheating detection project\data_cache\sample_224_g18.npy
C:\Users\munkh\OneDrive\Documents\Cheating detection project\archive\sample_of_our_preprocessed_data_224x224_cropped_clips\224x224_cropped_videos\g19.mp4,sample_224,g19,gesture,C:\Users\munkh\OneDrive\Documents\Cheating detection project\data_cache\sample_224_g19.npy
C:\Users\munkh\OneDrive\Documents\Cheating detection project\archive\sample_of_our_preprocessed_data_224x224_cropped_clips\224x224_cropped_videos\g20.mp4,sample_224,g20,gesture,C:\Users\munkh\OneDrive\Documents\Cheating detection project\data_cache\sample_224_g20.npy
C:\Users\munkh\OneDrive\Documents\Cheating detection project\archive\sample_of_our_preprocessed_data_224x224_cropped_clips\224x224_cropped_videos\g21.mp4,sample_224,g21,gesture,C:\Users\munkh\OneDrive\Documents\Cheating detection project\data_cache\sample_224_g21.npy
C:\Users\munkh\OneDrive\Documents\Cheating detection project\archive\sample_of_our_preprocessed_data_224x224_cropped_clips\224x224_cropped_videos\g22.mp4,sample_224,g22,gesture,C:\Users\munkh\OneDrive\Documents\Cheating detection project\data_cache\sample_224_g22.npy
C:\Users\munkh\OneDrive\Documents\Cheating detection project\archive\sample_of_our_preprocessed_data_224x224_cropped_clips\224x224_cropped_videos\g23.mp4,sample_224,g23,gesture,C:\Users\munkh\OneDrive\Documents\Cheating detection project\data_cache\sample_224_g23.npy
C:\Users\munkh\OneDrive\Documents\Cheating detection project\archive\sample_of_our_preprocessed_data_224x224_cropped_clips\224x224_cropped_videos\g24.mp4,sample_224,g24,gesture,C:\Users\munkh\OneDrive\Documents\Cheating detection project\data_cache\sample_224_g24.npy
C:\Users\munkh\OneDrive\Documents\Cheating detection project\archive\sample_of_our_preprocessed_data_224x224_cropped_clips\224x224_cropped_videos\g25.mp4,sample_224,g25,gesture,C:\Users\munkh\OneDrive\Documents\Cheating detection project\data_cache\sample_224_g25.npy
C:\Users\munkh\OneDrive\Documents\Cheating detection project\archive\sample_of_our_preprocessed_data_224x224_cropped_clips\224x224_cropped_videos\g26.mp4,sample_224,g26,gesture,C:\Users\munkh\OneDrive\Documents\Cheating detection project\data_cache\sample_224_g26.npy
C:\Users\munkh\OneDrive\Documents\Cheating detection project\archive\sample_of_our_preprocessed_data_224x224_cropped_clips\224x224_cropped_videos\g27.mp4,sample_224,g27,gesture,C:\Users\munkh\OneDrive\Documents\Cheating detection project\data_cache\sample_224_g27.npy
C:\Users\munkh\OneDrive\Documents\Cheating detection project\archive\sample_of_our_preprocessed_data_224x224_cropped_clips\224x224_cropped_videos\g28.mp4,sample_224,g28,gesture,C:\Users\munkh\OneDrive\Documents\Cheating detection project\data_cache\sample_224_g28.npy
C:\Users\munkh\OneDrive\Documents\Cheating detection project\archive\sample_of_our_preprocessed_data_224x224_cropped_clips\224x224_cropped_videos\g29.mp4,sample_224,g29,gesture,C:\Users\munkh\OneDrive\Documents\Cheating detection project\data_cache\sample_224_g29.npy
C:\Users\munkh\OneDrive\Documents\Cheating detection project\archive\sample_of_our_preprocessed_data_224x224_cropped_clips\224x224_cropped_videos\g33.mp4,sample_224,g33,gesture,C:\Users\munkh\OneDrive\Documents\Cheating detection project\data_cache\sample_224_g33.npy
C:\Users\munkh\OneDrive\Documents\Cheating detection project\archive\sample_of_our_preprocessed_data_224x224_cropped_clips\224x224_cropped_videos\g34.mp4,sample_224,g34,gesture,C:\Users\munkh\OneDrive\Documents\Cheating detection project\data_cache\sample_224_g34.npy
C:\Users\munkh\OneDrive\Documents\Cheating detection project\archive\sample_of_our_preprocessed_data_224x224_cropped_clips\224x224_cropped_videos\g35.mp4,sample_224,g35,gesture,C:\Users\munkh\OneDrive\Documents\Cheating detection project\data_cache\sample_224_g35.npy
C:\Users\munkh\OneDrive\Documents\Cheating detection project\archive\sample_of_our_preprocessed_data_224x224_cropped_clips\224x224_cropped_videos\g36.mp4,sample_224,g36,gesture,C:\Users\munkh\OneDrive\Documents\Cheating detection project\data_cache\sample_224_g36.npy
C:\Users\munkh\OneDrive\Documents\Cheating detection project\archive\sample_of_our_preprocessed_data_224x224_cropped_clips\224x224_cropped_videos\g37.mp4,sample_224,g37,gesture,C:\Users\munkh\OneDrive\Documents\Cheating detection project\data_cache\sample_224_g37.npy
C:\Users\munkh\OneDrive\Documents\Cheating detection project\archive\sample_of_our_preprocessed_data_224x224_cropped_clips\224x224_cropped_videos\g38.mp4,sample_224,g38,gesture,C:\Users\munkh\OneDrive\Documents\Cheating detection project\data_cache\sample_224_g38.npy
C:\Users\munkh\OneDrive\Documents\Cheating detection project\archive\sample_of_our_preprocessed_data_224x224_cropped_clips\224x224_cropped_videos\g39.mp4,sample_224,g39,gesture,C:\Users\munkh\OneDrive\Documents\Cheating detection project\data_cache\sample_224_g39.npy
C:\Users\munkh\OneDrive\Documents\Cheating detection project\archive\sample_of_our_preprocessed_data_224x224_cropped_clips\224x224_cropped_videos\g40.mp4,sample_224,g40,gesture,C:\Users\munkh\OneDrive\Documents\Cheating detection project\data_cache\sample_224_g40.npy
C:\Users\munkh\OneDrive\Documents\Cheating detection project\archive\sample_of_our_preprocessed_data_224x224_cropped_clips\224x224_cropped_videos\g41.mp4,sample_224,g41,gesture,C:\Users\munkh\OneDrive\Documents\Cheating detection project\data_cache\sample_224_g41.npy
C:\Users\munkh\OneDrive\Documents\Cheating detection project\archive\sample_of_our_preprocessed_data_224x224_cropped_clips\224x224_cropped_videos\m16.mp4,sample_224,m16,mobile,C:\Users\munkh\OneDrive\Documents\Cheating detection project\data_cache\sample_224_m16.npy
C:\Users\munkh\OneDrive\Documents\Cheating detection project\archive\sample_of_our_preprocessed_data_224x224_cropped_clips\224x224_cropped_videos\m17.mp4,sample_224,m17,mobile,C:\Users\munkh\OneDrive\Documents\Cheating detection project\data_cache\sample_224_m17.npy
C:\Users\munkh\OneDrive\Documents\Cheating detection project\archive\sample_of_our_preprocessed_data_224x224_cropped_clips\224x224_cropped_videos\m18.mp4,sample_224,m18,mobile,C:\Users\munkh\OneDrive\Documents\Cheating detection project\data_cache\sample_224_m18.npy
C:\Users\munkh\OneDrive\Documents\Cheating detection project\archive\sample_of_our_preprocessed_data_224x224_cropped_clips\224x224_cropped_videos\m19.mp4,sample_224,m19,mobile,C:\Users\munkh\OneDrive\Documents\Cheating detection project\data_cache\sample_224_m19.npy
C:\Users\munkh\OneDrive\Documents\Cheating detection project\archive\sample_of_our_preprocessed_data_224x224_cropped_clips\224x224_cropped_videos\m20.mp4,sample_224,m20,mobile,C:\Users\munkh\OneDrive\Documents\Cheating detection project\data_cache\sample_224_m20.npy
C:\Users\munkh\OneDrive\Documents\Cheating detection project\archive\sample_of_our_preprocessed_data_224x224_cropped_clips\224x224_cropped_videos\m21.mp4,sample_224,m21,mobile,C:\Users\munkh\OneDrive\Documents\Cheating detection project\data_cache\sample_224_m21.npy
C:\Users\munkh\OneDrive\Documents\Cheating detection project\archive\sample_of_our_preprocessed_data_224x224_cropped_clips\224x224_cropped_videos\m22.mp4,sample_224,m22,mobile,C:\Users\munkh\OneDrive\Documents\Cheating detection project\data_cache\sample_224_m22.npy
C:\Users\munkh\OneDrive\Documents\Cheating detection project\archive\sample_of_our_preprocessed_data_224x224_cropped_clips\224x224_cropped_videos\m23.mp4,sample_224,m23,mobile,C:\Users\munkh\OneDrive\Documents\Cheating detection project\data_cache\sample_224_m23.npy
C:\Users\munkh\OneDrive\Documents\Cheating detection project\archive\sample_of_our_preprocessed_data_224x224_cropped_clips\224x224_cropped_videos\m24.mp4,sample_224,m24,mobile,C:\Users\munkh\OneDrive\Documents\Cheating detection project\data_cache\sample_224_m24.npy
C:\Users\munkh\OneDrive\Documents\Cheating detection project\archive\sample_of_our_preprocessed_data_224x224_cropped_clips\224x224_cropped_videos\m25.mp4,sample_224,m25,mobile,C:\Users\munkh\OneDrive\Documents\Cheating detection project\data_cache\sample_224_m25.npy
C:\Users\munkh\OneDrive\Documents\Cheating detection project\archive\sample_of_our_preprocessed_data_224x224_cropped_clips\224x224_cropped_videos\m26.mp4,sample_224,m26,mobile,C:\Users\munkh\OneDrive\Documents\Cheating detection project\data_cache\sample_224_m26.npy
C:\Users\munkh\OneDrive\Documents\Cheating detection project\archive\sample_of_our_preprocessed_data_224x224_cropped_clips\224x224_cropped_videos\m27.mp4,sample_224,m27,mobile,C:\Users\munkh\OneDrive\Documents\Cheating detection project\data_cache\sample_224_m27.npy
C:\Users\munkh\OneDrive\Documents\Cheating detection project\archive\sample_of_our_preprocessed_data_224x224_cropped_clips\224x224_cropped_videos\m28.mp4,sample_224,m28,mobile,C:\Users\munkh\OneDrive\Documents\Cheating detection project\data_cache\sample_224_m28.npy
C:\Users\munkh\OneDrive\Documents\Cheating detection project\archive\sample_of_our_preprocessed_data_224x224_cropped_clips\224x224_cropped_videos\m31.mp4,sample_224,m31,mobile,C:\Users\munkh\OneDrive\Documents\Cheating detection project\data_cache\sample_224_m31.npy
C:\Users\munkh\OneDrive\Documents\Cheating detection project\archive\sample_of_our_preprocessed_data_224x224_cropped_clips\224x224_cropped_videos\m32.mp4,sample_224,m32,mobile,C:\Users\munkh\OneDrive\Documents\Cheating detection project\data_cache\sample_224_m32.npy
C:\Users\munkh\OneDrive\Documents\Cheating detection project\archive\sample_of_our_preprocessed_data_224x224_cropped_clips\224x224_cropped_videos\m33.mp4,sample_224,m33,mobile,C:\Users\munkh\OneDrive\Documents\Cheating detection project\data_cache\sample_224_m33.npy
C:\Users\munkh\OneDrive\Documents\Cheating detection project\archive\sample_of_our_preprocessed_data_224x224_cropped_clips\224x224_cropped_videos\m34.mp4,sample_224,m34,mobile,C:\Users\munkh\OneDrive\Documents\Cheating detection project\data_cache\sample_224_m34.npy
C:\Users\munkh\OneDrive\Documents\Cheating detection project\archive\sample_of_our_preprocessed_data_224x224_cropped_clips\224x224_cropped_videos\m35.mp4,sample_224,m35,mobile,C:\Users\munkh\OneDrive\Documents\Cheating detection project\data_cache\sample_224_m35.npy
C:\Users\munkh\OneDrive\Documents\Cheating detection project\archive\sample_of_our_preprocessed_data_224x224_cropped_clips\224x224_cropped_videos\m36.mp4,sample_224,m36,mobile,C:\Users\munkh\OneDrive\Documents\Cheating detection project\data_cache\sample_224_m36.npy
C:\Users\munkh\OneDrive\Documents\Cheating detection project\archive\sample_of_our_preprocessed_data_224x224_cropped_clips\224x224_cropped_videos\m37.mp4,sample_224,m37,mobile,C:\Users\munkh\OneDrive\Documents\Cheating detection project\data_cache\sample_224_m37.npy
C:\Users\munkh\OneDrive\Documents\Cheating detection project\archive\sample_of_our_preprocessed_data_224x224_cropped_clips\224x224_cropped_videos\m38.mp4,sample_224,m38,mobile,C:\Users\munkh\OneDrive\Documents\Cheating detection project\data_cache\sample_224_m38.npy
C:\Users\munkh\OneDrive\Documents\Cheating detection project\archive\sample_of_our_preprocessed_data_224x224_cropped_clips\224x224_cropped_videos\m39.mp4,sample_224,m39,mobile,C:\Users\munkh\OneDrive\Documents\Cheating detection project\data_cache\sample_224_m39.npy
C:\Users\munkh\OneDrive\Documents\Cheating detection project\archive\sample_of_our_preprocessed_data_224x224_cropped_clips\224x224_cropped_videos\m40.mp4,sample_224,m40,mobile,C:\Users\munkh\OneDrive\Documents\Cheating detection project\data_cache\sample_224_m40.npy
C:\Users\munkh\OneDrive\Documents\Cheating detection project\archive\sample_of_our_preprocessed_data_224x224_cropped_clips\224x224_cropped_videos\m41.mp4,sample_224,m41,mobile,C:\Users\munkh\OneDrive\Documents\Cheating detection project\data_cache\sample_224_m41.npy
C:\Users\munkh\OneDrive\Documents\Cheating detection project\archive\sample_of_our_preprocessed_data_224x224_cropped_clips\224x224_cropped_videos\m42.mp4,sample_224,m42,mobile,C:\Users\munkh\OneDrive\Documents\Cheating detection project\data_cache\sample_224_m42.npy
C:\Users\munkh\OneDrive\Documents\Cheating detection project\archive\sample_of_our_preprocessed_data_224x224_cropped_clips\224x224_cropped_videos\m43.mp4,sample_224,m43,mobile,C:\Users\munkh\OneDrive\Documents\Cheating detection project\data_cache\sample_224_m43.npy
C:\Users\munkh\OneDrive\Documents\Cheating detection project\archive\sample_of_our_preprocessed_data_224x224_cropped_clips\224x224_cropped_videos\m44.mp4,sample_224,m44,mobile,C:\Users\munkh\OneDrive\Documents\Cheating detection project\data_cache\sample_224_m44.npy
C:\Users\munkh\OneDrive\Documents\Cheating detection project\archive\sample_of_our_preprocessed_data_224x224_cropped_clips\224x224_cropped_videos\m45.mp4,sample_224,m45,mobile,C:\Users\munkh\OneDrive\Documents\Cheating detection project\data_cache\sample_224_m45.npy
C:\Users\munkh\OneDrive\Documents\Cheating detection project\archive\sample_of_our_preprocessed_data_224x224_cropped_clips\224x224_cropped_videos\n31.mp4,sample_224,n31,notes,C:\Users\munkh\OneDrive\Documents\Cheating detection project\data_cache\sample_224_n31.npy
C:\Users\munkh\OneDrive\Documents\Cheating detection project\archive\sample_of_our_preprocessed_data_224x224_cropped_clips\224x224_cropped_videos\n32.mp4,sample_224,n32,notes,C:\Users\munkh\OneDrive\Documents\Cheating detection project\data_cache\sample_224_n32.npy
C:\Users\munkh\OneDrive\Documents\Cheating detection project\archive\sample_of_our_preprocessed_data_224x224_cropped_clips\224x224_cropped_videos\n34.mp4,sample_224,n34,notes,C:\Users\munkh\OneDrive\Documents\Cheating detection project\data_cache\sample_224_n34.npy
C:\Users\munkh\OneDrive\Documents\Cheating detection project\archive\sample_of_our_preprocessed_data_224x224_cropped_clips\224x224_cropped_videos\n35.mp4,sample_224,n35,notes,C:\Users\munkh\OneDrive\Documents\Cheating detection project\data_cache\sample_224_n35.npy
C:\Users\munkh\OneDrive\Documents\Cheating detection project\archive\sample_of_our_preprocessed_data_224x224_cropped_clips\224x224_cropped_videos\n40.mp4,sample_224,n40,notes,C:\Users\munkh\OneDrive\Documents\Cheating detection project\data_cache\sample_224_n40.npy
C:\Users\munkh\OneDrive\Documents\Cheating detection project\archive\sample_of_our_preprocessed_data_224x224_cropped_clips\224x224_cropped_videos\n41.mp4,sample_224,n41,notes,C:\Users\munkh\OneDrive\Documents\Cheating detection project\data_cache\sample_224_n41.npy
C:\Users\munkh\OneDrive\Documents\Cheating detection project\archive\sample_of_our_preprocessed_data_224x224_cropped_clips\224x224_cropped_videos\n42.mp4,sample_224,n42,notes,C:\Users\munkh\OneDrive\Documents\Cheating detection project\data_cache\sample_224_n42.npy
C:\Users\munkh\OneDrive\Documents\Cheating detection project\archive\sample_of_our_preprocessed_data_224x224_cropped_clips\224x224_cropped_videos\n43.mp4,sample_224,n43,notes,C:\Users\munkh\OneDrive\Documents\Cheating detection project\data_cache\sample_224_n43.npy
C:\Users\munkh\OneDrive\Documents\Cheating detection project\archive\sample_of_our_preprocessed_data_224x224_cropped_clips\224x224_cropped_videos\n44.mp4,sample_224,n44,notes,C:\Users\munkh\OneDrive\Documents\Cheating detection project\data_cache\sample_224_n44.npy
C:\Users\munkh\OneDrive\Documents\Cheating detection project\archive\sample_of_our_preprocessed_data_224x224_cropped_clips\224x224_cropped_videos\n45.mp4,sample_224,n45,notes,C:\Users\munkh\OneDrive\Documents\Cheating detection project\data_cache\sample_224_n45.npy
C:\Users\munkh\OneDrive\Documents\Cheating detection project\archive\sample_of_our_preprocessed_data_224x224_cropped_clips\224x224_cropped_videos\n46.mp4,sample_224,n46,notes,C:\Users\munkh\OneDrive\Documents\Cheating detection project\data_cache\sample_224_n46.npy
C:\Users\munkh\OneDrive\Documents\Cheating detection project\archive\sample_of_our_preprocessed_data_224x224_cropped_clips\224x224_cropped_videos\n47.mp4,sample_224,n47,notes,C:\Users\munkh\OneDrive\Documents\Cheating detection project\data_cache\sample_224_n47.npy
C:\Users\munkh\OneDrive\Documents\Cheating detection project\archive\sample_of_our_preprocessed_data_224x224_cropped_clips\224x224_cropped_videos\n48.mp4,sample_224,n48,notes,C:\Users\munkh\OneDrive\Documents\Cheating detection project\data_cache\sample_224_n48.npy
C:\Users\munkh\OneDrive\Documents\Cheating detection project\archive\sample_of_our_preprocessed_data_224x224_cropped_clips\224x224_cropped_videos\n49.mp4,sample_224,n49,notes,C:\Users\munkh\OneDrive\Documents\Cheating detection project\data_cache\sample_224_n49.npy
C:\Users\munkh\OneDrive\Documents\Cheating detection project\archive\sample_of_our_preprocessed_data_224x224_cropped_clips\224x224_cropped_videos\n50.mp4,sample_224,n50,notes,C:\Users\munkh\OneDrive\Documents\Cheating detection project\data_cache\sample_224_n50.npy
C:\Users\munkh\OneDrive\Documents\Cheating detection project\archive\sample_of_our_preprocessed_data_224x224_cropped_clips\224x224_cropped_videos\n51.mp4,sample_224,n51,notes,C:\Users\munkh\OneDrive\Documents\Cheating detection project\data_cache\sample_224_n51.npy
C:\Users\munkh\OneDrive\Documents\Cheating detection project\archive\sample_of_our_preprocessed_data_224x224_cropped_clips\224x224_cropped_videos\n52.mp4,sample_224,n52,notes,C:\Users\munkh\OneDrive\Documents\Cheating detection project\data_cache\sample_224_n52.npy
C:\Users\munkh\OneDrive\Documents\Cheating detection project\archive\sample_of_our_preprocessed_data_224x224_cropped_clips\224x224_cropped_videos\n53.mp4,sample_224,n53,notes,C:\Users\munkh\OneDrive\Documents\Cheating detection project\data_cache\sample_224_n53.npy
C:\Users\munkh\OneDrive\Documents\Cheating detection project\archive\sample_of_our_preprocessed_data_224x224_cropped_clips\224x224_cropped_videos\n54.mp4,sample_224,n54,notes,C:\Users\munkh\OneDrive\Documents\Cheating detection project\data_cache\sample_224_n54.npy
C:\Users\munkh\OneDrive\Documents\Cheating detection project\archive\sample_of_our_preprocessed_data_224x224_cropped_clips\224x224_cropped_videos\n55.mp4,sample_224,n55,notes,C:\Users\munkh\OneDrive\Documents\Cheating detection project\data_cache\sample_224_n55.npy
C:\Users\munkh\OneDrive\Documents\Cheating detection project\archive\sample_of_our_preprocessed_data_224x224_cropped_clips\224x224_cropped_videos\n56.mp4,sample_224,n56,notes,C:\Users\munkh\OneDrive\Documents\Cheating detection project\data_cache\sample_224_n56.npy
C:\Users\munkh\OneDrive\Documents\Cheating detection project\archive\sample_of_our_preprocessed_data_224x224_cropped_clips\224x224_cropped_videos\n57.mp4,sample_224,n57,notes,C:\Users\munkh\OneDrive\Documents\Cheating detection project\data_cache\sample_224_n57.npy
C:\Users\munkh\OneDrive\Documents\Cheating detection project\archive\sample_of_our_preprocessed_data_224x224_cropped_clips\224x224_cropped_videos\n58.mp4,sample_224,n58,notes,C:\Users\munkh\OneDrive\Documents\Cheating detection project\data_cache\sample_224_n58.npy
C:\Users\munkh\OneDrive\Documents\Cheating detection project\archive\sample_of_our_preprocessed_data_224x224_cropped_clips\224x224_cropped_videos\n59.mp4,sample_224,n59,notes,C:\Users\munkh\OneDrive\Documents\Cheating detection project\data_cache\sample_224_n59.npy
C:\Users\munkh\OneDrive\Documents\Cheating detection project\archive\sample_of_our_preprocessed_data_224x224_cropped_clips\224x224_cropped_videos\n60.mp4,sample_224,n60,notes,C:\Users\munkh\OneDrive\Documents\Cheating detection project\data_cache\sample_224_n60.npy
C:\Users\munkh\OneDrive\Documents\Cheating detection project\archive\sample_of_our_preprocessed_data_224x224_cropped_clips\224x224_cropped_videos\n61.mp4,sample_224,n61,notes,C:\Users\munkh\OneDrive\Documents\Cheating detection project\data_cache\sample_224_n61.npy
C:\Users\munkh\OneDrive\Documents\Cheating detection project\archive\sample_of_our_preprocessed_data_224x224_cropped_clips\224x224_cropped_videos\n62.mp4,sample_224,n62,notes,C:\Users\munkh\OneDrive\Documents\Cheating detection project\data_cache\sample_224_n62.npy
C:\Users\munkh\OneDrive\Documents\Cheating detection project\archive\sample_of_our_preprocessed_data_224x224_cropped_clips\224x224_cropped_videos\n63.mp4,sample_224,n63,notes,C:\Users\munkh\OneDrive\Documents\Cheating detection project\data_cache\sample_224_n63.npy
C:\Users\munkh\OneDrive\Documents\Cheating detection project\archive\sample_of_our_preprocessed_data_224x224_cropped_clips\224x224_cropped_videos\nor17.mp4,sample_224,nor17,normal,C:\Users\munkh\OneDrive\Documents\Cheating detection project\data_cache\sample_224_nor17.npy
C:\Users\munkh\OneDrive\Documents\Cheating detection project\archive\sample_of_our_preprocessed_data_224x224_cropped_clips\224x224_cropped_videos\nor18.mp4,sample_224,nor18,normal,C:\Users\munkh\OneDrive\Documents\Cheating detection project\data_cache\sample_224_nor18.npy
C:\Users\munkh\OneDrive\Documents\Cheating detection project\archive\sample_of_our_preprocessed_data_224x224_cropped_clips\224x224_cropped_videos\nor20.mp4,sample_224,nor20,normal,C:\Users\munkh\OneDrive\Documents\Cheating detection project\data_cache\sample_224_nor20.npy
C:\Users\munkh\OneDrive\Documents\Cheating detection project\archive\sample_of_our_preprocessed_data_224x224_cropped_clips\224x224_cropped_videos\nor21.mp4,sample_224,nor21,normal,C:\Users\munkh\OneDrive\Documents\Cheating detection project\data_cache\sample_224_nor21.npy
C:\Users\munkh\OneDrive\Documents\Cheating detection project\archive\sample_of_our_preprocessed_data_224x224_cropped_clips\224x224_cropped_videos\nor22.mp4,sample_224,nor22,normal,C:\Users\munkh\OneDrive\Documents\Cheating detection project\data_cache\sample_224_nor22.npy
C:\Users\munkh\OneDrive\Documents\Cheating detection project\archive\sample_of_our_preprocessed_data_224x224_cropped_clips\224x224_cropped_videos\nor23.mp4,sample_224,nor23,normal,C:\Users\munkh\OneDrive\Documents\Cheating detection project\data_cache\sample_224_nor23.npy
C:\Users\munkh\OneDrive\Documents\Cheating detection project\archive\sample_of_our_preprocessed_data_224x224_cropped_clips\224x224_cropped_videos\nor24.mp4,sample_224,nor24,normal,C:\Users\munkh\OneDrive\Documents\Cheating detection project\data_cache\sample_224_nor24.npy
C:\Users\munkh\OneDrive\Documents\Cheating detection project\archive\sample_of_our_preprocessed_data_224x224_cropped_clips\224x224_cropped_videos\nor25.mp4,sample_224,nor25,normal,C:\Users\munkh\OneDrive\Documents\Cheating detection project\data_cache\sample_224_nor25.npy
C:\Users\munkh\OneDrive\Documents\Cheating detection project\archive\sample_of_our_preprocessed_data_224x224_cropped_clips\224x224_cropped_videos\nor26.mp4,sample_224,nor26,normal,C:\Users\munkh\OneDrive\Documents\Cheating detection project\data_cache\sample_224_nor26.npy
C:\Users\munkh\OneDrive\Documents\Cheating detection project\archive\sample_of_our_preprocessed_data_224x224_cropped_clips\224x224_cropped_videos\nor27.mp4,sample_224,nor27,normal,C:\Users\munkh\OneDrive\Documents\Cheating detection project\data_cache\sample_224_nor27.npy
C:\Users\munkh\OneDrive\Documents\Cheating detection project\archive\sample_of_our_preprocessed_data_224x224_cropped_clips\224x224_cropped_videos\nor28.mp4,sample_224,nor28,normal,C:\Users\munkh\OneDrive\Documents\Cheating detection project\data_cache\sample_224_nor28.npy
C:\Users\munkh\OneDrive\Documents\Cheating detection project\archive\sample_of_our_preprocessed_data_224x224_cropped_clips\224x224_cropped_videos\nor29.mp4,sample_224,nor29,normal,C:\Users\munkh\OneDrive\Documents\Cheating detection project\data_cache\sample_224_nor29.npy
C:\Users\munkh\OneDrive\Documents\Cheating detection project\archive\sample_of_our_preprocessed_data_224x224_cropped_clips\224x224_cropped_videos\nor30.mp4,sample_224,nor30,normal,C:\Users\munkh\OneDrive\Documents\Cheating detection project\data_cache\sample_224_nor30.npy
C:\Users\munkh\OneDrive\Documents\Cheating detection project\archive\sample_of_our_preprocessed_data_224x224_cropped_clips\224x224_cropped_videos\nor31.mp4,sample_224,nor31,normal,C:\Users\munkh\OneDrive\Documents\Cheating detection project\data_cache\sample_224_nor31.npy
C:\Users\munkh\OneDrive\Documents\Cheating detection project\archive\sample_of_our_preprocessed_data_224x224_cropped_clips\224x224_cropped_videos\nor32.mp4,sample_224,nor32,normal,C:\Users\munkh\OneDrive\Documents\Cheating detection project\data_cache\sample_224_nor32.npy
C:\Users\munkh\OneDrive\Documents\Cheating detection project\archive\sample_of_our_preprocessed_data_224x224_cropped_clips\224x224_cropped_videos\nor33.mp4,sample_224,nor33,normal,C:\Users\munkh\OneDrive\Documents\Cheating detection project\data_cache\sample_224_nor33.npy
C:\Users\munkh\OneDrive\Documents\Cheating detection project\archive\sample_of_our_preprocessed_data_224x224_cropped_clips\224x224_cropped_videos\nor34.mp4,sample_224,nor34,normal,C:\Users\munkh\OneDrive\Documents\Cheating detection project\data_cache\sample_224_nor34.npy
C:\Users\munkh\OneDrive\Documents\Cheating detection project\archive\sample_of_our_preprocessed_data_224x224_cropped_clips\224x224_cropped_videos\nor35.mp4,sample_224,nor35,normal,C:\Users\munkh\OneDrive\Documents\Cheating detection project\data_cache\sample_224_nor35.npy
C:\Users\munkh\OneDrive\Documents\Cheating detection project\archive\sample_of_our_preprocessed_data_224x224_cropped_clips\224x224_cropped_videos\nor36.mp4,sample_224,nor36,normal,C:\Users\munkh\OneDrive\Documents\Cheating detection project\data_cache\sample_224_nor36.npy
C:\Users\munkh\OneDrive\Documents\Cheating detection project\archive\sample_of_our_preprocessed_data_224x224_cropped_clips\224x224_cropped_videos\nor37.mp4,sample_224,nor37,normal,C:\Users\munkh\OneDrive\Documents\Cheating detection project\data_cache\sample_224_nor37.npy
C:\Users\munkh\OneDrive\Documents\Cheating detection project\archive\sample_of_our_preprocessed_data_224x224_cropped_clips\224x224_cropped_videos\nor38.mp4,sample_224,nor38,normal,C:\Users\munkh\OneDrive\Documents\Cheating detection project\data_cache\sample_224_nor38.npy
C:\Users\munkh\OneDrive\Documents\Cheating detection project\archive\sample_of_our_preprocessed_data_224x224_cropped_clips\224x224_cropped_videos\nor39.mp4,sample_224,nor39,normal,C:\Users\munkh\OneDrive\Documents\Cheating detection project\data_cache\sample_224_nor39.npy
C:\Users\munkh\OneDrive\Documents\Cheating detection project\archive\sample_of_our_preprocessed_data_224x224_cropped_clips\224x224_cropped_videos\nor40.mp4,sample_224,nor40,normal,C:\Users\munkh\OneDrive\Documents\Cheating detection project\data_cache\sample_224_nor40.npy
C:\Users\munkh\OneDrive\Documents\Cheating detection project\archive\sample_of_our_preprocessed_data_224x224_cropped_clips\224x224_cropped_videos\nor41.mp4,sample_224,nor41,normal,C:\Users\munkh\OneDrive\Documents\Cheating detection project\data_cache\sample_224_nor41.npy
C:\Users\munkh\OneDrive\Documents\Cheating detection project\archive\sample_of_our_preprocessed_data_224x224_cropped_clips\224x224_cropped_videos\nor42.mp4,sample_224,nor42,normal,C:\Users\munkh\OneDrive\Documents\Cheating detection project\data_cache\sample_224_nor42.npy
C:\Users\munkh\OneDrive\Documents\Cheating detection project\archive\sample_of_our_preprocessed_data_224x224_cropped_clips\224x224_cropped_videos\nor43.mp4,sample_224,nor43,normal,C:\Users\munkh\OneDrive\Documents\Cheating detection project\data_cache\sample_224_nor43.npy
C:\Users\munkh\OneDrive\Documents\Cheating detection project\archive\sample_of_our_preprocessed_data_224x224_cropped_clips\224x224_cropped_videos\nor44.mp4,sample_224,nor44,normal,C:\Users\munkh\OneDrive\Documents\Cheating detection project\data_cache\sample_224_nor44.npy
